1,814,414,ID03post.png,1129,746
2,737,484,ID03post.png,1129,746
3,646,454,ID03post.png,1129,746
4,600,358,ID03post.png,1129,746
5,659,271,ID03post.png,1129,746
6,767,257,ID03post.png,1129,746
7,859,313,ID03post.png,1129,746
8,889,417,ID03post.png,1129,746
9,837,500,ID03post.png,1129,746
10,739,539,ID03post.png,1129,746
11,631,523,ID03post.png,1129,746
12,528,517,ID03post.png,1129,746
1,308,426,ID04post.png,1129,746
2,385,483,ID04post.png,1129,746
3,472,438,ID04post.png,1129,746
4,483,342,ID04post.png,1129,746
5,389,274,ID04post.png,1129,746
6,298,293,ID04post.png,1129,746
7,244,370,ID04post.png,1129,746
8,275,496,ID04post.png,1129,746
9,368,566,ID04post.png,1129,746
10,468,582,ID04post.png,1129,746
11,580,564,ID04post.png,1129,746
12,692,536,ID04post.png,1129,746
1,364,360,ID05post.png,1129,746
2,418,426,ID05post.png,1129,746
3,506,427,ID05post.png,1129,746
4,559,357,ID05post.png,1129,746
5,532,276,ID05post.png,1129,746
6,453,245,ID05post.png,1129,746
7,371,268,ID05post.png,1129,746
8,323,338,ID05post.png,1129,746
9,331,420,ID05post.png,1129,746
10,396,481,ID05post.png,1129,746
11,480,503,ID05post.png,1129,746
12,566,498,ID05post.png,1129,746
1,455,418,ID06post.png,1129,746
2,451,319,ID06post.png,1129,746
3,360,251,ID06post.png,1129,746
4,250,263,ID06post.png,1129,746
5,185,350,ID06post.png,1129,746
6,213,453,ID06post.png,1129,746
7,296,509,ID06post.png,1129,746
8,404,526,ID06post.png,1129,746
9,513,515,ID06post.png,1129,746
10,612,521,ID06post.png,1129,746
11,704,519,ID06post.png,1129,746
12,809,515,ID06post.png,1129,746
1,387,388,ID07post.png,1129,746
2,436,446,ID07post.png,1129,746
3,518,425,ID07post.png,1129,746
4,539,347,ID07post.png,1129,746
5,491,285,ID07post.png,1129,746
6,404,272,ID07post.png,1129,746
7,340,323,ID07post.png,1129,746
8,315,401,ID07post.png,1129,746
9,349,475,ID07post.png,1129,746
10,426,515,ID07post.png,1129,746
11,510,516,ID07post.png,1129,746
12,595,505,ID07post.png,1129,746
1,608,232,ID14post.png,1129,746
2,510,247,ID14post.png,1129,746
3,504,365,ID14post.png,1129,746
4,609,412,ID14post.png,1129,746
5,682,345,ID14post.png,1129,746
6,672,234,ID14post.png,1129,746
7,574,177,ID14post.png,1129,746
8,462,207,ID14post.png,1129,746
9,408,307,ID14post.png,1129,746
10,432,421,ID14post.png,1129,746
11,533,488,ID14post.png,1129,746
12,641,520,ID14post.png,1129,746
1,391,278,ID15post.png,1129,746
2,393,373,ID15post.png,1129,746
3,496,402,ID15post.png,1129,746
4,565,317,ID15post.png,1129,746
5,549,217,ID15post.png,1129,746
6,450,165,ID15post.png,1129,746
7,357,206,ID15post.png,1129,746
8,316,311,ID15post.png,1129,746
9,347,414,ID15post.png,1129,746
10,432,471,ID15post.png,1129,746
11,532,480,ID15post.png,1129,746
12,642,482,ID15post.png,1129,746
1,364,343,ID17post.png,1129,746
2,463,410,ID17post.png,1129,746
3,545,343,ID17post.png,1129,746
4,544,242,ID17post.png,1129,746
5,451,181,ID17post.png,1129,746
6,334,205,ID17post.png,1129,746
7,267,298,ID17post.png,1129,746
8,267,419,ID17post.png,1129,746
9,353,515,ID17post.png,1129,746
10,478,537,ID17post.png,1129,746
11,588,519,ID17post.png,1129,746
12,706,480,ID17post.png,1129,746
1,390,367,ID18post.png,1129,746
2,455,449,ID18post.png,1129,746
3,572,434,ID18post.png,1129,746
4,612,325,ID18post.png,1129,746
5,537,235,ID18post.png,1129,746
6,419,227,ID18post.png,1129,746
7,320,305,ID18post.png,1129,746
8,311,419,ID18post.png,1129,746
9,379,510,ID18post.png,1129,746
10,489,531,ID18post.png,1129,746
11,612,520,ID18post.png,1129,746
12,713,521,ID18post.png,1129,746
1,364,318,ID37post.png,1129,746
2,363,406,ID37post.png,1129,746
3,445,439,ID37post.png,1129,746
4,519,382,ID37post.png,1129,746
5,525,294,ID37post.png,1129,746
6,449,237,ID37post.png,1129,746
7,355,254,ID37post.png,1129,746
8,290,324,ID37post.png,1129,746
9,285,410,ID37post.png,1129,746
10,346,484,ID37post.png,1129,746
11,439,502,ID37post.png,1129,746
12,533,495,ID37post.png,1129,746
1,440,272,ID38post.png,1129,746
2,414,395,ID38post.png,1129,746
3,512,460,ID38post.png,1129,746
4,616,411,ID38post.png,1129,746
5,646,297,ID38post.png,1129,746
6,561,206,ID38post.png,1129,746
7,440,200,ID38post.png,1129,746
8,345,277,ID38post.png,1129,746
9,320,398,ID38post.png,1129,746
10,379,498,ID38post.png,1129,746
11,491,545,ID38post.png,1129,746
12,613,546,ID38post.png,1129,746
1,360,332,ID55post.png,1129,746
2,288,409,ID55post.png,1129,746
3,338,490,ID55post.png,1129,746
4,450,485,ID55post.png,1129,746
5,491,391,ID55post.png,1129,746
6,415,299,ID55post.png,1129,746
7,295,298,ID55post.png,1129,746
8,220,383,ID55post.png,1129,746
9,225,501,ID55post.png,1129,746
10,305,585,ID55post.png,1129,746
11,418,594,ID55post.png,1129,746
12,537,575,ID55post.png,1129,746